{
    "name": "inelastic_scattering_k0.28",
    "L": 16,
    "gx": 1.25,
    "gz": 0.15,
    "bond_dim": 16,
    "k1": 0.8796459430051422,
    "k2": -0.8796459430051422,
    "sigma": 4.0,
    "t_max": 60.0,
    "dt": 0.1,
    "use_gpu": true
}