{
    "name": "elastic_scattering_k0.10",
    "L": 64,
    "gx": 1.25,
    "gz": 0.15,
    "bond_dim": 128,
    "k1": 0.3141592653589793,
    "k2": -0.3141592653589793,
    "sigma": 4.0,
    "t_max": 60.0,
    "dt": 0.1,
    "use_gpu": true
}